<?xml version="1.0" encoding="UTF-8"?>
<project-private xmlns="http://www.netbeans.org/ns/project-private/1">
    <editor-bookmarks xmlns="http://www.netbeans.org/ns/editor-bookmarks/2" lastBookmarkId="0"/>
    <open-files xmlns="http://www.netbeans.org/ns/projectui-open-files/2">
        <group>
            <file>file:/C:/Users/Rishi/Documents/NetBeansProjects/Exam_System/src/loginAdmin.java</file>
            <file>file:/C:/Users/Rishi/Documents/NetBeansProjects/Exam_System/src/adminHome.java</file>
            <file>file:/C:/Users/Rishi/Documents/NetBeansProjects/Exam_System/src/deleteQuestion.java</file>
            <file>file:/C:/Users/Rishi/Documents/NetBeansProjects/Exam_System/src/exam_system/Exam_System.java</file>
            <file>file:/C:/Users/Rishi/Documents/NetBeansProjects/Exam_System/src/updateQuestion.java</file>
            <file>file:/C:/Users/Rishi/Documents/NetBeansProjects/Exam_System/src/studentDetails.java</file>
            <file>file:/C:/Users/Rishi/Documents/NetBeansProjects/Exam_System/src/index.java</file>
            <file>file:/C:/Users/Rishi/Documents/NetBeansProjects/Exam_System/src/allQuestion.java</file>
            <file>file:/C:/Users/Rishi/Documents/NetBeansProjects/Exam_System/src/addNewQuestion.java</file>
            <file>file:/C:/Users/Rishi/Documents/NetBeansProjects/Exam_System/src/Project/ConnectionProvider.java</file>
            <file>file:/C:/Users/Rishi/Documents/NetBeansProjects/Exam_System/src/sucessfullySubmited.java</file>
            <file>file:/C:/Users/Rishi/Documents/NetBeansProjects/Exam_System/src/instructionStudent.java</file>
            <file>file:/C:/Users/Rishi/Documents/NetBeansProjects/Exam_System/src/examStudent.java</file>
        </group>
    </open-files>
</project-private>
